"Product type",SKU,"Revenue generated",rev_rank
cosmetics,SKU38,9692.318040218432,1
cosmetics,SKU88,9444.74203306298,2
cosmetics,SKU23,8858.367571011484,3
haircare,SKU51,9866.465457979697,1
haircare,SKU2,9577.74962586873,2
haircare,SKU18,9364.673505076173,3
skincare,SKU31,9655.135102719398,1
skincare,SKU90,9592.633570280312,2
skincare,SKU32,9571.550487327819,3
