"Product type",avg_manufacturing_cost
cosmetics,43.05274049649342
haircare,48.457993420627254
skincare,48.993157373420914
