"Supplier name",avg_defect_rate
"Supplier 5",2.6654083441492014
"Supplier 3",2.46578603076447
"Supplier 2",2.3627501450718813
