"Supplier name",avg_shipping_cost
"Supplier 5",5.789831531028728
"Supplier 4",5.759572974561947
"Supplier 2",5.739178061461887
