"Supplier name",total_vol,avg_defect
"Supplier 2",14105,2.3627501450718813
"Supplier 1",13545,1.8036297116882525
"Supplier 4",11756,2.33739740059134
"Supplier 5",9381,2.6654083441492014
"Supplier 3",7997,2.46578603076447
